{"train_losses": [2.772520232707896], "train_accuracies": [41.812427119773446], "val_losses": [2.885638292406646], "val_accuracies": [39.65364120781528]}