{"train_losses": [3.878151,3.408229,3.269064,3.199654,3.136542,3.079075,3.031228,3.008096,2.958716,2.974560,2.921258,2.880966,2.867397,2.859201,2.831767,2.845443,2.834231,2.812854,2.788862,2.772520232707896], "train_accuracies": [26.64,32.52,34.31,35.06,36.00,37.41,37.77,38.22,38.85,38.90,39.24,39.80,40.19,40.19,40.84,40.32,40.63,41.45,41.94,41.812427119773446], "val_losses": [3.583396,3.350881,3.358207,3.345928,3.293115,3.164147,3.223757,3.058771,2.994067,3.072062,3.168750,3.066288,2.981474,2.959737,2.836978,2.993146,3.277464,3.225977,3.001544,2.885638292406646], "val_accuracies": [30.68,33.08,32.42,32.59,32.95,35.04,34.37,36.32,37.08,36.99,35.12,36.94,37.08,38.41,39.74,37.52,34.33,34.55,37.66,39.65364120781528]}