{"train_losses": [4.023177133260491, 3.5486569241105954, 3.3874527352468946, 3.3231771578007785, 3.247447637521157, 3.2105434547251614, 3.22477738581072, 3.18375755864358, 3.138022029923694, 3.1275671885588197, 3.069801444061269, 3.050139842115928, 3.046212106982814, 3.022348421073944, 2.9874826410956454, 2.9666301635864096, 2.9474387356190483, 2.927283349430831, 2.9067046056574735, 2.916399312876512], "train_accuracies": [24.654339496918208, 29.86839913376645, 32.175578877228055, 33.091787439613526, 34.37447942695319, 34.67432950191571, 34.76595035815426, 35.348992170581376, 36.42345493919707, 35.48225887056472, 36.85657171414293, 37.58953856405131, 37.547892720306514, 37.28135932033983, 38.01432617024821, 38.064301182741964, 39.280359820089956, 39.47193070131601, 39.771780776278526, 39.50524737631184], "val_losses": [3.622985155024427, 3.4524778897035207, 3.3370229386268777, 3.476948969753076, 3.426329033594605, 3.2348405951303794, 3.5644003355756717, 3.1680561836729657, 3.4410027950368027, 3.171048199876826, 3.327895683599702, 3.1971773205074014, 3.1682742335272174, 3.03281965069737, 3.3206151199679, 3.0534054497455028, 3.066738097380239, 3.005305805104844, 2.9693956324394715, 3.1194417603472444], "val_accuracies": [28.55239786856128, 31.216696269982236, 33.6145648312611, 30.86145648312611, 30.77264653641208, 33.39253996447602, 29.30728241563055, 33.52575488454707, 31.483126110124335, 34.769094138543515, 33.39253996447602, 34.724689165186504, 34.36944937833037, 36.81172291296625, 32.94849023090586, 36.85612788632327, 36.145648312611016, 38.27708703374778, 38.80994671403197, 35.43516873889876]}